{
  "ADMIN": [
    {
      "title": "Admin Mangement",
      "link": "/dashboard/admin-management"
    },
    {
      "title": "Doctor Management",
      "link": "/dashboard/doctor-management"
    },
    {
      "title": "Patient Management",
      "link": "/dashboard/patient-management"
    },
    {
      "title": "Profile",
      "link": "/dashboard/profile"
    },
    {
      "title": "Register Doctor",
      "link": "/dashboard/doctor-management/register"
    }
  ],
  "DOCTOR": [
    {
      "title": "Appointments",
      "link": "/dashboard/appointments"
    },
    {
      "title": "Patients",
      "link": "/dashboard/patients"
    },
    {
      "title": "Prescriptions",
      "link": "/dashboard/prescriptions"
    },
    {
      "title": "Profile",
      "link": "/dashboard/profile"
    }
    
  
  ],
  "PATIENT": [
    {
      "title": "Patient Management",
      "link": "/dashboard/patient-management"
    },
    {
      "title": "Profile",
      "link": "/dashboard/profile"
    },
    {
      "title": "Prescriptions",
      "link": "/dashboard/prescriptions"
    },
    {
      "title": "Appointments",
      "link": "/dashboard/appointments"
    },
    {
      "title": "My Test Results",
      "link": "/dashboard/test-results"
    },
    {
      "title": "My Diseases",
      "link": "/dashboard/my-diseases"
    },
    {
      "title": "My Radiological Images",
      "link": "/dashboard/radiological-images"
    }

  ]
}

